header,sequence,prion,amyloid
107,AELDTITKGDVKSQDKGEALDLKNIKESEKDVTTEDDNNAQVQNSAQTVDKSENSNDTAVESTNDSVKTDETKETSENKSAQDGDNIKEDSNTQEESTNTSLQSSEVPQTKKDTDETSETAIDEDAYTKEQNNKDNDTAQDDDNIKEDSNTQEESTNTSSQYSEDSQTKKEQPDKSSNSIKEPDKQQEEVAKEEKATTEIADKNKELELKNNKTDKNEESELESNLSSSENKKDTVESFLNSQLSDPETKKIMENANIDYDKATDEEINTEILRASLIEMANKKKKTETLATPQRTMFRAMATPTALRAAVNQDEELQKSLGYTDNYTFASMLFDPGKLDSDDALNSNIIPFDLHSYMSGSNSGNRYKIDLKLDPIIAEHVTKISANPSGSNKPVEFVRIKDENGNLTDTWEVNFIRANDGLFGGAEILSQYTAKNGKIELDDTVGNIVSNAGNLSNNKLNYQVFVRDSKENKIVRTSESSGYFLTKADDDLVNLENNVSTENNNAFKASSGSATYNKDVGEFGGILIDQQIMKNGIFSYSKTKANQWSYNYQIDKDLLPYIEGVELHQYDYKGLEGFDKNYDAKNKVADLTIDEVGNGTITSDNLNKLIEFNNALPETVGVRVVLKLNQSVNNILTKDAKYDSEGNLIRETTKQKEDFTFAGYLTDSKGALINNTLGTSTLALQDYDKDGLLDRYERQVSLSDAESEDTDGDGKNDGDEVINYKTSPLVGKPQAADITTEDTVVSGSVPLKEGAATQTAKVINAEGTTVGTTTVNSDGTFSVSIPNSPEGTYTIAIDSPNYDNDEVNTFEIVDSSKLPAPSINPVDDNDQQIVVNGTSGSTVTVTDSNNNVLGTVTIPADDTSAAINVDTPLEAGTVLTSTASKDGKTSDVSDQITVTDATAPDAPTLDEVNTDATQVTGQAEPGSTVTVALPGGGKASTTADDAGNFIVDIPSEVNLEGGETFTATATDETGNESEPSTTTVVDTTAPDAPTVNDVTSNDKVINGTAEPNSTVKLTFPDGTTAAGTTDSNGNYTVDIPENMSLKGGETITATSSDAEGNESESATTTVVDATAPDAPTVNDVTSDATQVTGQAEPNSTVTVTFPDGTTATGTADDQGNYTIDIPSNVDLNGGEELQVTATDKDGNTSEPSSANVTDTTAPDAPTVNDVTSDATQVTGQAEPNSTVTVTFPDGTTATGTADDQGNYTIDIPSNVDLNGGEELQVTATDKDGNTSEPSSANVTDTTAPDAPTVNDVTSDATQVTGQAEPNSTVTVTFPDGTTATGTADDQGNYTIDIPSNVDLNGGEELQVTATDKDGNTSEPSSANVTDTTAPDAPTVNDVTSDATQVTGQAEPNSTVTVTFPDGTTATGTADDQGNYTIDIPSNVDLNGGEELQVTATDKDGNTSEPSSANVTDTTAPDAPTVNDVTSDATQVTGQAEPNSTVTVTFPDGTTATGTADDQGNYTIDIPSNVDLNGGEELQVTATDKDGNTSEPSSANVTDTTAPDAPTVNDVTSDATQVTGQAEPNSTVTVTFPDGTTATGTADDQGNYTIDIPSNVDLNGGEELQVTATDKDGNTSEPSSANVTDTTAPDAPTVNDVTSDATQVTGQAEPNSTVTVTFPDGTTATGTADDQGNYTIDIPSNVDLNGGEELQVTATDKDGNTSEPSSANVTDTTAPDAPTVNDVTSDATQVTGQAEPNSTVTVTFPDGTTATGTADDQGNYTIDIPSNVDLNGGEELQVTATDKDGNTSEPSSANVTDTTAPDAPTVNDVTSDATQVTGQAEPNSTVTVTFPDGTTATGTADDQGNYTIDIPSNVDLNGGEELQVTATDKDGNTSEPSSANVTDTTAPDAPTVNDVTSDATQVTGQAEPNSTVTVTFPDGTTATGTADDQGNYTIDIPSNVDLNGGEELQVTATDKDGNTSEPSSANVTDTTAPDAPTVNDVTSDATQVTGQAEPNSTVTVTFPDGTTATGTADDQGNYTIDIPSNVDLNGGEELQVTATDKDGNTSEPSSANVTDTTAPDAPTVNDVTSDATQVTGQAEPNSTVTVTFPDGTTATGTADDQGNYTIDIPSNVDLNGGEELQVTATDKDGNTSEPSSANVTDTTAPDAPTVNDVTSDATQVTGQAEPNSTVTVTFPDGTTATGTADDQGNYTIDIPSNVDLNGGEELQVTATDKDGNTSEPSSANVTDTTAPDAPTVNDVTSDATQVTGQAEPNSTVTVTFPDGTTATGTADDQGNYTIDIPSNVDLNGGEELQVTATDKDGNTSEPSSANVTDTTAPDAPTVNDVTSDATQVTGQAEPNSTVTVTFPDGTTATGTADDQGNYTIDIPSNVDLNGGEKLQVTATDKDGNTSEPSSANVTDTTAPDAPTVNDVTSDATQVTGQAEPNSTVTVTFPDGTTATGTADDQGNYTIDIPSNVDLNGGEEVQVTATDKDGNTSEPSSANVTDTTAPDAPTVNDVTSDATQVTGQAEPNSTVTVTFPDGTTATGTADDQGNYTIDIPSNVDLNGGEELQVTATDKDGNTSESTNTTVIDSDDNSDNGNNSGAGDNSDSDNNSGNGDNSGAGDNSDSDNNSDSGDNSNAGDNSDSDNNSGNGDSSNAGDNSDSDNNSGNGDNSSAGDNSDSDNSSNNEDNSSSNKDSINQDSNVNSNDSKHDKQNELPETGEKEVRNGTLFGTLFAGLGSLLLFTKRRRKKNDKK,0,1
105,CSNWSKRDRNTAIGAGAGALGGAVLTDGSTLGTLGGAAVGGVIGHQVGK,0,1
176,GIVYMYFEETNKYGLVSIDGNDVKTLDDFNNYSSEINKISPTSANTKSYSATTSDVACPATGKYWSAATELPPTPNGGLCSCMNAANSCVVSDDVDSDDYETLFNWICNEVDCSGISANGTAGKYGAYSFCTPKEQLSFVMNLYYEKSGGSKSDCSFSGSATLQTATTQASCSSALKEIGSMGTNSASGSVDLGSGT,0,1
29,CGNLSTCMLGTYTQDFNKFHTFPQTAIGVGAP,0,1
151,IGDDSGPVSANGNGASQYFGNSMTTGNMSPQMALIQGSFNKPCIAVSDIPVSVIGLVPIQDLNVLGDDMNQQCAENSTQAKRDGALAHLLEDVSILSSNGEGGKG,0,1
142,MGQEQDTPWILSTGHISTQKRQDGQQTPKLEHRNSTRLMGHCQKTMNQVVMPKQIVYWKQWLSLRNPILVFLKTRVLKRWRLFSKHE,0,1
80,KKRPKPGGWNTGGSRYPGQGSPGGNRYPPQGGGGWGQPHGGGWGQPHGGGWGQPHGGGWGQPHGGGWGQGGGTHSQWNKPSKPKTNMKHMAGAAAAGAVVGGLGGYMLGSAMSRPIIHFGSDYEDRYYRENMHRYPNQVYYRPMDEYSNQNNFVHDCVNITIKQHTVTTTTKGENFTETDVKMMERVVEQMCITQYERESQAYYQRGS,0,1
31,KNTMEHVSSSEESIISQETYKQEKNMAINPSKENLCSTFCKEVVRNANEEEYSIGSSSEESAEVATEEVKITVDDKHYQKALNEINQFYQKFPQYLQYLYQGPIVLNPWDQVKRNAVPITPTLNREQLSTSEENSKKTVDMESTEVFTKKTKLTEEEKNRLNFLKKISQRYQKFALPQYLKTVYQHQKAMKPWIQPKTKVIPYVRYL,0,1
287,MFVLLVAYALLHIAGCQTTNGLNTSYSVCNGCVGYSENVFAVESGGYIPSDFAFNNWFLLTNTSSVVDGVVRSFQPLLLNCLWSVSGLRFTTGFVYFNGTGRGDCKGFSSDVLSDVIRYNLNFEENLRRGTILFKTSYGVVVFYCTNNTLVSGDAHIPFGTVLGNFYCFVNTTIGNETTSAFVGALPKTVREFVISRTGHFYINGYRYFTLGNVEAVNFNVTTAETTDFCTVALASYADVLVNVSQTSIANIIYCNSVINRLRCDQLSFDVPDGFYSTSPIQSVELPVSIVSLPVYHKHTFIVLYVDFKPQSGGGKCFNCYPAGVNITLANFNETKGPLCVDTSHFTTKYVAVYANVGRWSASINTGNCPFSFGKVNNFVKFGSVCFSLKDIPGGCAMPIVANWAYSKYYTIGSLYVSWSDGDGITGVPQPVEGVSSFMNVTLDKCTKYNIYDVSGVGVIRVSNDTFLNGITYTSTSGNLLGFKDVTKGTIYSITPCNPPDQLVVYQQAVVGAMLSENFTSYGFSNVVELPKFFYASNGTYNCTDAVLTYSSFGVCADGSIIAVQPRNVSYDSVSAIVTANLSIPSNWTTSVQVEYLQITSTPIVVDCSTYVCNGNVRCVELLKQYTSACKTIEDALRNSARLESADVSEMLTFDKKAFTLANVSSFGDYNLSSVIPSLPTSGSRVAGRSAIEDILFSKLVTSGLGTVDADYKKCTKGLSIADLACAQYYNGIMVLPGVADAERMAMYTGSLIGGIALGGLTSAVSIPFSLAIQARLNYVALQTDVLQENQKILAASFNKAMTNIVDAFTGVNDAITQTSQALQTVATALNKIQDVVNQQGNSLNHLTSQLRQNFQAISSSIQAIYDRLDTIQADQQVDRLITGRLAALNVFVSHTLTKYTEVRASRQLAQQKVNECVKSQSKRYGFCGNGTHIFSIVNAAPEGLVFLHTVLLPTQYKDVEAWSGLCVDGTNGYVLRQPNLALYKEGNYYRITSRIMFEPRIPTMADFVQIENCNVTFVNISRSELQTIVPEYIDVNKTLQELSYKLPNYTVPDLVVEQYNQTILNLTSEISTLENKSAELNYTVQKLQTLIDNINSTLVDLKWLNRVETYIKWPWWVWLCISVVLIFVVSMLLLCCCSTGCCGFFSCFASSIRGCCESTKLPYYDVEKIHIQ,0,0
258,MSDIFNSPQARSTISAAFGIKPTAGQDVEELLIPKVWVPPEDPLASPSRLAKFLRENGYKVLQPRSLPENEEYETDQILPDLAWMRQIEGAVLKPTLSLPIGDQEYFPKYYPTHRPSKEKPNAYPPDIALLKQMIYLFLQVPEANEGLKDEVTLLTQNIRDKAYGSGTYMGQATRLVAMKEVATGRNPNKDPLKLGYTFESIAQLLDITLPVGPPGEDDKPWVPLTRVPSRMLVLTGDVDGDFEVEDYLPKINLKSSSGLPYVGRTKGETIGEMIAISNQFLRELSTLLKQGAGTKGSNKKKLLSMLSDYWYLSCGLLFPKAERYDKSTWLTKTRNIWSAPSPTHLMISMITWPVMSNSPNNVLNIEGCPSLYKFNPFRGGLNRIVEWILAPEEPKALVYADNIYIVHSNTWYSIDLEKGEANCTRQHMQAAMYYILTRGWSDNGDPMFNQTWATFAMNIAPALVVDSSCLIMNLQIKTYGQGSGNAATFINNHLLSTLVLDQWNLMRQPRPDSEEFKSIEDKLGINFKIERSIDDIRGKLRQLVLLAQPGYLSGGVEPEQSSPTVELDLLGWSATYSKDLGIYVPVLDKERLFCSAAYPKGVENKSLKSKVGIEQAYKVVRYEALRLVGGWNYPLLNKACKNNAGAARRHLEAKGFPLDEFLAEWSELSEFGEAFEGFNIKLTVTSESLAELNKPVPPKPPNVNRPVNTGGLKAVSNALKTGRYRNEAGLSGLVLLATARSRLQDAVKAKAEAEKLHKSKPDDPDADWFERSETLSDLLEKADIASKVAHSALVETSDALEAVQSTSVYTPKYPEVKNPQTASNPVVGLHLPAKRATGVQAALLGAGTSRPMGMEAPTRSKNAVKMAKRRQRQKESRQQP,0,0
221,MAHNKIPPRWLNCPRRGQPVAGRFLPLKTMLGPRYDSQVAEENRFHPSMLSNYLKSLKVKMGLLVDLTNTSRFYDRNDIEKEGIKYIKLQCKGHGECPTTENTETFIRLCERFNERNPPELIGVHCTHGFNRTGFLICAFLVEKMDWSIEAAVATFAQARPPGIYKGDYLKELFRRYGDIEEAPPPPLLPDWCFEDDEDEDEDEDGKKESEPGSSASFGKRRKERLKLGAIFLEGVTVKGVTQVTTQPKLGEVQQKCHQFCGWEGSGFPGAQPVSMDKQNIKLLDLKPYKVSWKADGTRYMMLIDGTNEVFMIDRDNSVFHVSNLEFPFRKDLRMHLSNTLLDGEMIIDRVNGQAVPRYLIYDIIKFNSQPVGDCDFNVRLQCIEREIISPRHEKMKTGLIDKTQEPFSVRNKPFFDICTSRKLLEGNFAKEVSHEMDGLIFQPTGKYKPGRCDDILKWKPPSLNSVDFRLKITRMGGEGLLPQNVGLLYVGGYERPFAQIKVTKELKQYDNKIIECKFENNSWVFMRQRTDKSFPNAYNTAMAVCNSISNPVTKEMLFEFIDRCTAASQGQKRKHHLDPDTELMPPPPPKRPRPLT,0,0
249,MAQNLKDLAGRLPAGPRGMGTALKLLLGAGAVAYGVRESVFTVEGGHRAIFFNRIGGVQQDTILAEGLHFRIPWFQYPIIYDIRARPRKISSPTGSKDLQMVNISLRVLSRPNAQELPSMYQRLGLDYEERVLPSIVNEVLKSVVAKFNASQLITQRAQVSLLIRRELTERAKDFSLILDDVAITELSFSREYTAAVEAKQVAQQEAQRAQFLVEKAKQEQRQKIVQAEGEAEAAKMLGEALSKNPGYIKLRKIRAAQNISKTIATSQNRIYLTADNLVLNLQDESFTRGSDSLIKGKK,0,0
209,MQEQEIGFISKYNEGLCVNTDPVSILTSILDMSLHRQMGSDRDLQSSASSVSLPSVKKAPKKRRISIGSLFRRKKDNKRKSRELNGGVDGIASIESIHSEMCTDKNSIFSTNTSSDNGLTSISKQIGDFIECPLCLLRHSKDRFPDIMTCHHRSCVDCLRQYLRIEISESRVNISCPECTERFNPHDIRLILSDDVLMEKYEEFMLRRWLVADPDCRWCPAPDCGYAVIAFGCASCPKLTCGREGCGTEFCYHCKQIWHPNQTCDAARQERAQSLRLRTIRSSSISYSQESGAAADDIKPCPRCAAYIIKMNDGSCNHMTCAVCGCEFCWLCMKEISDLHYLSPSGCTFWGKKPWSRKKKILWQLGTLVGAPVGIALIAGIAIPAMIIGIPVYVGRKIHNRYEGKDVSKHKRNLAIAGGVTLSVIVSPVVAAVTVGIGVPIMLAYVYGVVPISLCRSGGCGVSAGNGKGVRIEFDDENDINVGGTNTAVDTTSVAEARHNPSIGEGSVGGLTGSLSASGSHMDRIGAIRDNLSETASTMALAGASITGSLSGSAMVNCFNRLEVQADVQKERYSLSGESGTVSLGTVSDNASTKAMAGSILNSYIPLDKEGNSMEVQVDIESKPSKFRHNSGSSSVDDGSATRSHAGGSSSGLPEGKSSATKWSKEATAGKKSKSGKLRKKGNMKINETREDMDAQLLEQQSTNSSEFEAPSLSDSMPSVADSHSSHFSEFSCSDLESMKTSCSHGSSDYHTRFATVNILPEVENDRLENSPHQCSISVVTQTASCSEVSQLNHIAEEHGNNGIKPNVDLYFGDALKETNNNHSHQTMELKVAIQTEI,0,0
262,MSDQFNSREARRKANSKSSPSPKKGKKRKKGGLFKKTLFTLLILFVLGVVGGAVTFAVMVSDAPSLDESKLKTPYSSTIYDKNGKEIAEVGAEKRTYVSIDEIPDVVKEAFIATEDARFYEHHGIDPVRIGGALVANFKDGFGAEGGSTITQQVVKNSLLSHQKTLKRKVQEVWLSIQLERNYSKDEILEMYLNRIYFSPRAYGIGKAAEEFFGVTDLSKLTVEQAATLAGMPQSPTAYNPVKNPDKAEKRRNIVLSLMKKQGFISDSQYNKAKKVAVKDEGVVSQKEYEKASTNKYSAFVEEVMKEIDEKSDVDPSADGLKIYTTLDTKAQDKLDELMDGDTVGFTEGMQGGVTLLDTKNGEVRAIGAGRNQPVGGFNYATQTKAQPGSTIKPILDYGPVIENKKWSTYEQIDDSAYTYSNGKPIRDWDRKYLGPISMRYALAQSRNIPALKAFQAVGKDTAVDFANGLGLGLTKDNVTEAYSIGGFGGNDGVSPLTMAGAYSAFGNNGTYNEPHFVKSIEFNDGTKLDLTPKSKSAMSDYTAFMITDMLKTAVKTGTGQLAQVPGVEVAGKTGTTNFDDNEVKRYNIASGGARDSWFVGYTPQYTAAVWTGMGENEAGKKSLSAEEQKVAKRIFAQLIADVDDGSGSFEKPDSVVEATVEKGSNPAKLAGPNTPSDKKLTEYFVKGTAPSTVSKTYEKEEKEETAKLSGLNVKYDKDNQSLTLSWNYDGDATFAVKQSVDGGSYSEIQNSSAKEAVISGVQPGSVYKFEVTAVSDDGKSTASTSYEVPKAEDDEDKKDQQQTDDEKQDDEKTQDDTQTDDSQKDDGQTDQDQTDDSTNDQDKKQDNTNTNPSDNNNQDQSNDNDNDNSNNQDTSDGDSNSGKNDSTGSDTNKNKTDTSNKTQTNSSSIEKTN,0,0
335,MSEGKQQFKDSNKPHKDSTDQDDDAATIVPQTLTYSRNEGHFLGSNFHGVTDDRTTLFDGEEGRREDDLLPSLRSSNSKAHLISSQLSQWNYNNNRVLLKRSILKTQAFMDQLQEENNIRPIFIAANDEREKLHVLQLNIKLDGQYNTKEKNGFNIEKKALSKLFHSQIVSVTNHLNALKKRVDDVSSKVFITGDVNTGKSALCNSLLKQRLLPEDQLPCTNVFSEILEARENDGIEEVHAIPLNIAPTLKEAIDMYSIQNPKTYEIHTLKELPDLVPQNGKYALLKIYIKDDKRPASTSLLRNGTVDISLIDSPGLNMDSLQTAEVMSRQEEIDLVIFVVNAENQLTLSAKEFISLASREKKLMFFVVKKFDKIRDKQRCKELILKQIRDLSPETYKRAADFVHFVSKNGDELPHYHNENDNEDHGDRKPDDDPYSSSDPDPDFDSLEDSLRNFVLKKRSLSKLLPAKTYLSKLLSDIIMISKSNMKMYSEEEIKINEQLETLRPEILSARAKCNDLTTSVDQMAEQTITMTYNNTKEALLNALDVPLHEYPKYQGLGQIYDFIFSTEAFIANQIDESIGSSELFAKQKTDLLVKKIYEIGKNELGDDFMCERVFRSELMFRKRKHLIGKRLKVSLSITDLFAPTWKGFLSYLSWQKPVTAPLPDIEGQTNEGQIGLMKYLGLKNYPLTQYWSRPSLLFTSKIPTLTLYFLGSTKVVGNIILNGIKLSSWSSLKKLSVPVIVVGSLLGLTYLIHDLPRALPMNLSIKYKRKLQELDYIHLNAQRTSNEVRDVLRVPTREILRSCEIIMDKKQITKKELENKKESNLLSIKFFQSLYEGTVAQKLMVEEINLDID,0,0
284,MTEVKSKETRAPSSARDGAVLLQAPPSRGEAEGIDVALDGLLYPRSSDEEEEEEENEEEEEEEEPQQREEEEEEEEEDRDCPSYRPGGGSLSKDCLDSVLDTFLAPAAHAAPWSLFGPEVPEVPVAPMSRGPEQKAVDAGPGAPGPSQPRPGAPLWPGADSLNVAVKARPGPEDASENRAPGLPGAEERGFPERDAGPGEGGLAPAAAASPAAVEPGAGQDYLHVPILPLNSAFLASRTRQLLDVEAAYDGSAFGPRSSPSVPAADLAEYGYPPPDGKEGPFAYGEFQSALKIKEEGVGLPAAPPPFLGAKAAPADFAQPPRAGQEPSLECVLYKAEPPLLPGAYGPPAAPDSLPSTSAAPPGLYSPLGLNGHHQALGFPAAVLKEGLPQLCPPYLGYVRPDTETSQSSQYSFESLPQKICLICGDEASGCHYGVLTCGSCKVFFKRAMEGQHNYLCAGRNDCIVDKIRRKNCPACRLRKCCQAGMVLGGRKFKKLNKMKVVRTLDVALQQPAVLQDETQSLTQRLSFSPNQEIPFVPPMISVLRGIEPEVVYAGYDNTKPETPSSLLTSLNHLCERQLLCVVKWSKLLPGFRNLHIDDQITLIQYSWMSLMVFAMGWRSYKHVSGQMLYFAPDLILNEQRMKESSFYSLCLSMWQLPQEFVRLQVSQEEFLCMKALLLLNTIPLEGLRSQSQFDEMRTSYIRELVKAIGLRQKGVVANSQRFYQLTKLMDSMHDLVKQLHLFCLNTFLQSRALSVEFPEMMSEVIAAQLPKILAGMVKPLLFHKK,0,0
292,MSLEIEKIHAREILDSRGNPTVEVDVWTCCGFGRAAVPSGASTGTYEALELRDGGDRYDGKGVLKAVRNVNEVIGPKLIGMDVIDQRGVDQIMIEMDGTPNKSNLGANAILGVSLAVAKAAASSLGMPLYRYLGGVSATRLPVPSLNVLNGGKHAGNDLSIQEFMIEPWGADSFSEALRMAAETYHALGRILRGKYGNVATNVGFEGGYAPPISKTRDALDAIMAALDVTGYTEEIKLGLDSAASSFYLDGGYSVDDNRLSPGELIDFYVELVKTYPIVLIEDPFEENAFEEFAELTKKLPDTIIVGDDLYVTNMARIEKGIRMRSTNALLLKLNQIGTVSEAFDAATLAYRNSFKVMVSHRSAETEDSALADVSVAIGAELIKTGAPARSERNAKYNQLLRIQEALGSSASYAGRRRWS,0,0
211,MENFRKVRSEEAPAGCGAEGGGPGSGPFADLAPGAVHMRVKEGSKIRNLMAFATASMAQPATRAIVFSGCGRATTKTVTCAEILKRRLAGLHQVTRLRYRSVREVWQSLPPGPTQGQTPGEPAASLSVLKNVPGLAILLSKDALDPRQPGYQPPNPHPGPSSPPAAPASKRSLGEPAAGEGSAKRSQPEPGVADEDQTA,0,0
11,QQQYAMAMQQQQQQQQQLAVAQAQAQAQAQAQAQVQAQAQAQAQAQAQAQQIQMQQLQMQQQQQAPLSFQQMSQGGNLPQGYFYTQ,1,1
152,MQQDDDFQNFVATLESFKDLKSGISGSRIKKLTTYALDHIDIESKIISLIIDYSRLCPDSHKLGSLYIIDSIGRAYLDETRSNSNSSSNKPGTCAHAINTLGEVIQELLSDAIAKSNQDHKEKIRMLLDIWDRSGLFQKSYLNAIRSKCFAMDISNNTANTASQQLSLDPKQRSKQILSNLKKSPPLNLNISLPTDLTSTDPAKQQAALFQVIAALQKHFKTLPSHTSVGTVAPPQAHTITEYGSRRERERERERYNSRRNRSRSPPAPFSQPSTGRKDRYPSVAQDQYSIGAPNTTFGTNNHHLYPDELNVSNNPHYRPKPVSYDSTLPPDHIKVYSRTLFIGGVPLNMKEWDLANVLKPFAEVQSVILNNSRKHAFVKVYSRHEAENVLQNFNKDGALPLRTRWGVGFGPRDCCDYQHGYSIIPMHRLTDADKKWSVSAQWGGTSGQPLVTGIVFEEPDIIVGEGVSSKAISQKMPTDSGRNGPRSGKPNKSGSISSISPVPYGNAPLASPPPQQYVQPMMQQPYGYAPNQPLPSQGPAAAAPPVPQQQFDPTAQLNSLMNMLNQQQQQQQQS,1,1
99,NPMYNAVSNADLMDFKNLLDHLEEKMPLEDEVVPPQVLSEPNEEAGAALSPLPEVPPWTGEVSPAQRDGGALGRGPWDSSDRSALLKSKLRALLTAPR,0,1
58,DTASDAAAAAALTAANAKAAAELTAANAAAAAAATAR,0,1
19,MVVSYNNNNNNNNNNNNNNISNNNNNNNMFPPFPSSDDFAMYQQSSSSGPYQETYASGPQNFGDAVYPMNGN,1,1
100,SLRRSSCFGGRMDRIGAQSGLGCNSFRY,0,1
87,KVFERCELARTLKRLGMDGYRGISLANWMCLAKWESGYNTRATNYNAGDRSTDYGIFQINSRYWCNDGKTPGAVNACHLSCSALLQDNIADAVACAKRVVRDPQGIRAWVAWRNRCQNRDVRQYVQGCGV,0,1
171,VHSAQQQVVMNFSNANNLHFGSVYN,0,1
337,MPVEKDLKTAYKALYDEKEPLKALHLYDEILKGSPTNLTALIFKAACLEKLYFGFSDWHSDATMENAKELLDKALMTAEGRGDRSKIGLVNFRYFVHFFNIKDYELAQSYFKKAKNLGYVDDTLPLWEDRLETKLNKKNKKQKDSTNKHTIKPVESIENRGDNNSSHSPISPLKIETAPQESPKFKIDWYQSSTSVTISLFTVNLPESKEQVNIYISPNDRRTLSISYQVPKSGSEFQYNAKLSHEVDPKAVSLKIFPKKLEITLSKIDSTQWKKLEEDILTESSRLSDEGKNSDSATRLLSAETASKERLSYPSSSKKKIDWSKLDIDEEADEEAGSADSFFQKLYAGADPDTKRAMMKSFIESNGTALSTDWEDVSKGTVKTSPPEGMEPKHW,0,0
340,MRDYKLVVLGAGGVGKSCLTVQFVQGVYLDTYDPTIEDSYRKTIEIDNKVFDLEILDTAGIAQFTAMRELYIKSGMGFLLVYSVTDRQSLEELMELREQVLRIKDSDRVPMVLIGNKADLINERVISVEEGIEVSSKWGRVPFYETSALLRSNVDEVFVDLVRQIIRNEMESVAVKDARNQSQQFSKIESPSTRLPSSAKQDTKQSNNKQSSKGLYNKSSQGQAKVKQSTPVNEKHKPSHAVPKSGSSNRTGISATSQQKKKKKNASTCTIL,0,0
326,MSGLPPPPPGFEEDSDLALPPPPPPPPGYEIEELDNPMVPSSVNEDTFLPPPPPPPSNFEINAEEIVDFTLPPPPPPPGLDELETKAEKKVELHGKRKLDIGKDTFVTRKSRKRAKKMTKKAKRSNLYTPKAEMPPEHLRKIINTHSDMASKMYNTDKKAFLGALKYLPHAILKLLENMPHPWEQAKEVKVLYHTSGAITFVNETPRVIEPVYTAQWSATWIAMRREKRDRTHFKRMRFPPFDDDEPPLSYEQHIENIEPLDPINLPLDSQDDEYVKDWLYDSRPLEEDSKKVNGTSYKKWSFDLPEMSNLYRLSTPLRDEVTDKNYYYLFDKKSFFNGKALNNAIPGGPKFEPLYPREEEEDYNEFNSIDRVIFRVPIRSEYKVAFPHLYNSRPRSVRIPWYNNPVSCIIQNDEEYDTPALFFDPSLNPIPHFIDNNSSLNVSNTKENGDFTLPEDFAPLLAEEEELILPNTKDAMSLYHSPFPFNRTKGKMVRAQDVALAKKWFLQHPDEEYPVKVKVSYQKLLKNYVLNELHPTLPTNHNKTKLLKSLKNTKYFQQTTIDWVEAGLQLCRQGHNMLNLLIHRKGLTYLHLDYNFNLKPTKTLTTKERKKSRLGNSFHLMRELLKMMKLIVDTHVQFRLGNVDAFQLADGIHYILNHIGQLTGIYRYKYKVMHQIRACKDLKHIIYYKFNKNLGKGPGCGFWQPAWRVWLNFLRGTIPLLERYIGNLITRQFEGRSNEIVKTTTKQRLDAYYDLELRNSVMDDILEMMPESIRQKKARTILQHLSEAWRCWKANIPWDVPGMPAPIKKIIERYIKSKADAWVSAAHYNRERIKRGAHVEKTMVKKNLGRLTRLWIKNEQERQRQIQKNGPEITPEEATTIFSVMVEWLESRSFSPIPFPPLTYKNDTKILVLALEDLKDVYASKVRLNASEREELALIEEAYDNPHDTLNRIKKYLLTQRVFKPVDITMMENYQNISPVYSVDPLEKITDAYLDQYLWYEADQRKLFPNWIKPSDSEIPPLLVYKWTQGINNLSEIWDVSRGQSAVLLETTLGEMAEKIDFTLLNRLLRLIVDPNIADYITAKNNVVINFKDMSHVNKYGLIRGLKFASFIFQYYGLVIDLLLLGQERATDLAGPANNPNEFMQFKSKEVEKAHPIRLYTRYLDRIYMLFHFEEDEGEELTDEYLAENPDPNFENSIGYNNRKCWPKDSRMRLIRQDVNLGRAVFWEIQSRVPTSLTSIKWENAFVSVYSKNNPNLLFSMCGFEVRILPRQRMEEVVSNDEGVWDLVDERTKQRTAKAYLKVSEEEIKKFDSRIRGILMASGSTTFTKVAAKWNTSLISLFTYFREAIVATEPLLDILVKGETRIQNRVKLGLNSKMPTRFPPAVFYTPKELGGLGMISASHILIPASDLSWSKQTDTGITHFRAGMTHEDEKLIPTIFRYITTWENEFLDSQRVWAEYATKRQEAIQQNRRLAFEELEGSWDRGIPRISTLFQRDRHTLAYDRGHRIRREFKQYSLERNSPFWWTNSHHDGKLWNLNAYRTDVIQALGGIETILEHTLFKGTGFNSWEGLFWEKASGFEDSMQFKKLTHAQRTGLSQIPNRRFTLWWSPTINRANVYVGFLVQLDLTGIFLHGKIPTLKISLIQIFRAHLWQKIHESIVFDICQILDGELDVLQIESVTKETVHPRKSYKMNSSAADITMESVHEWEVSKPSLLHETNDSFKGLITNKMWFDVQLRYGDYDSHDISRYVRAKFLDYTTDNVSMYPSPTGVMIGIDLAYNMYDAYGNWFNGLKPLIQNSMRTIMKANPALYVLRERIRKGLQIYQSSVQEPFLNSSNYAELFNNDIKLFVDDTNVYRVTVHKTFEGNVATKAINGCIFTLNPKTGHLFLKIIHTSVWAGQKRLSQLAKWKTAEEVSALVRSLPKEEQPKQIIVTRKAMLDPLEVHMLDFPNIAIRPTELRLPFSAAMSIDKLSDVVMKATEPQMVLFNIYDDWLDRISSYTAFSRLTLLLRALKTNEESAKMILLSDPTITIKSYHLWPSFTDEQWITIESQMRDLILTEYGRKYNVNISALTQTEIKDIILGQNIKAPSVKRQKMAELEAARSEKQNDEEAAGASTVMKTKTINAQGEEIVVVASADYESQTFSSKNEWRKSAIANTLLYLRLKNIYVSADDFVEEQNVYVLPKNLLKKFIEISDVKIQVAAFIYGMSAKDHPKVKEIKTVVLVPQLGHVGSVQISNIPDIGDLPDTEGLELLGWIHTQTEELKFMAASEVATHSKLFADKKRDCIDISIFSTPGSVSLSAYNLTDEGYQWGEENKDIMNVLSEGFEPTFSTHAQLLLSDRITGNFIIPSGNVWNYTFMGTAFNQEGDYNFKYGIPLEFYNEMHRPVHFLQFSELAGDEELEAEQIDVFS,0,0
329,MSEEQDPLLAGLGETSGDNHTQQSHEQQPEQPQETEEHHEEEPSRVDPEQEAHNKALNQFKRKLLEHRRYDDQLKQRRQNIRDLEKLYDKTENDIKALQSIGQLIGEVMKELSEEKYIVKASSGPRYIVGVRNSVDRSKLKKGVRVTLDITTLTIMRILPRETDPLVYNMTSFEQGEITFDGIGGLTEQIRELREVIELPLKNPEIFQRVGIKPPKGVLLYGPPGTGKTLLAKAVAATIGANFIFSPASGIVDKYIGESARIIREMFAYAKEHEPCIIFMDEVDAIGGRRFSEGTSADREIQRTLMELLTQMDGFDNLGQTKIIMATNRPDTLDPALLRPGRLDRKVEIPLPNEAGRLEIFKIHTAKVKKTGEFDFEAAVKMSDGFNGADIRNCATEAGFFAIRDDRDHINPDDLMKAVRKVAEVKKLEGTIEYQKL,0,0
245,MEPLCPLLLVGFSLPLARALRGNETTADSNETTTTSGPPDPGASQPLLAWLLLPLLLLLLVLLLAAYFFRFRKQRKAVVSTSDKKMPNGILEEQEQQRVMLLSRSPSGPKKYFPIPVEHLEEEIRIRSADDCKQFREEFNSLPSGHIQGTFELANKEENREKNRYPNILPNDHSRVILSQLDGIPCSDYINASYIDGYKEKNKFIAAQGPKQETVNDFWRMVWEQKSATIVMLTNLKERKEEKCHQYWPDQGCWTYGNIRVCVEDCVVLVDYTIRKFCIQPQLPDGCKAPRLVSQLHFTSWPDFGVPFTPIGMLKFLKKVKTLNPVHAGPIVVHCSAGVGRTGTFIVIDAMMAMMHAEQKVDVFEFVSRIRNQRPQMVQTDMQYTFIYQALLEYYLYGDTELDVSSLEKHLQTMHGTTTHFDKIGLEEEFRKLTNVRIMKENMRTGNLPANMKKARVIQIIPYDFNRVILSMKRGQEYTDYINASFIDGYRQKDYFIATQGPLAHTVEDFWRMIWEWKSHTIVMLTEVQEREQDKCYQYWPTEGSVTHGEITIEIKNDTLSEAISIRDFLVTLNQPQARQEEQVRVVRQFHFHGWPEIGIPAEGKGMIDLIAAVQKQQQQTGNHPITVHCSAGAGRTGTFIALSNILERVKAEGLLDVFQAVKSLRLQRPHMVQTLEQYEFCYKVVQDFIDIFSDYANFK,0,0
